{
  "losses": [
    7.034154846554711,
    6.817733219691685,
    6.599943569728306,
    6.4069929122924805,
    6.204009056091309,
    6.036355813344319,
    5.863601729983375,
    5.686414446149554,
    5.505712577274868,
    5.3541334470113116,
    5.216177826835995,
    5.089106514340355,
    5.010797773088727,
    4.966833296276274,
    4.919793151673817,
    4.896137351081485,
    4.871059281485421,
    4.8225423494974775,
    4.799311774117606,
    4.794295855930874,
    4.786033812023344,
    4.792424542563302,
    4.742179847898937,
    4.732725461324056,
    4.698061852228074,
    4.702308859143939,
    4.690766697838193,
    4.691941987900507,
    4.657160895211356,
    4.671222868419829,
    4.663687592460995,
    4.64272860118321,
    4.6430940855117075,
    4.6455982980274015,
    4.6418070793151855,
    4.610122090294247,
    4.611564386458624,
    4.632753008887882,
    4.618257409050351,
    4.584679013206845,
    4.591244924636114,
    4.592018944876535,
    4.597434952145531,
    4.568007378351121,
    4.595874627431233,
    4.574238209497361,
    4.580219268798828,
    4.5547377949669245,
    4.576361179351807,
    4.576803956712995
  ],
  "metrics": {
    "both": {
      "optimistic": {
        "adjusted_arithmetic_mean_rank": 0.4829174266827079,
        "adjusted_arithmetic_mean_rank_index": 0.5260795746193028,
        "adjusted_geometric_mean_rank_index": 0.6350272776030548,
        "adjusted_hits_at_k": 0.2796140036224288,
        "adjusted_inverse_harmonic_mean_rank": 0.07370985836197058,
        "arithmetic_mean_rank": 28.2375189107413,
        "count": 1322.0,
        "geometric_mean_rank": 15.81817273675673,
        "harmonic_mean_rank": 7.799970904771066,
        "hits_at_1": 0.0,
        "hits_at_10": 0.3540090771558245,
        "hits_at_3": 0.17095310136157338,
        "hits_at_5": 0.2428139183055976,
        "inverse_arithmetic_mean_rank": 0.035413876238949905,
        "inverse_geometric_mean_rank": 0.0632184270991236,
        "inverse_harmonic_mean_rank": 0.12820560643223972,
        "inverse_median_rank": 0.05,
        "median_absolute_deviation": 23.721635496089633,
        "median_rank": 20.0,
        "standard_deviation": 26.937696635884055,
        "variance": 725.6395000469191,
        "z_arithmetic_mean_rank": 32.32917201356028,
        "z_geometric_mean_rank": 24.413549733592234,
        "z_hits_at_k": 32.7724228192387,
        "z_inverse_harmonic_mean_rank": 22.18743124260489
      },
      "pessimistic": {
        "adjusted_arithmetic_mean_rank": 0.4829174266827079,
        "adjusted_arithmetic_mean_rank_index": 0.5260795746193028,
        "adjusted_geometric_mean_rank_index": 0.6350272776030548,
        "adjusted_hits_at_k": 0.2796140036224288,
        "adjusted_inverse_harmonic_mean_rank": 0.07370985836197058,
        "arithmetic_mean_rank": 28.2375189107413,
        "count": 1322.0,
        "geometric_mean_rank": 15.81817273675673,
        "harmonic_mean_rank": 7.799970904771066,
        "hits_at_1": 0.0,
        "hits_at_10": 0.3540090771558245,
        "hits_at_3": 0.17095310136157338,
        "hits_at_5": 0.2428139183055976,
        "inverse_arithmetic_mean_rank": 0.035413876238949905,
        "inverse_geometric_mean_rank": 0.0632184270991236,
        "inverse_harmonic_mean_rank": 0.12820560643223972,
        "inverse_median_rank": 0.05,
        "median_absolute_deviation": 23.721635496089633,
        "median_rank": 20.0,
        "standard_deviation": 26.937696635884055,
        "variance": 725.6395000469191,
        "z_arithmetic_mean_rank": 32.32917201356028,
        "z_geometric_mean_rank": 24.413549733592234,
        "z_hits_at_k": 32.7724228192387,
        "z_inverse_harmonic_mean_rank": 22.18743124260489
      },
      "realistic": {
        "adjusted_arithmetic_mean_rank": 0.482917416418196,
        "adjusted_arithmetic_mean_rank_index": 0.5260795850624125,
        "adjusted_geometric_mean_rank_index": 0.6350271905905495,
        "adjusted_hits_at_k": 0.2796140036224288,
        "adjusted_inverse_harmonic_mean_rank": 0.0737098645984644,
        "arithmetic_mean_rank": 28.237518310546875,
        "count": 1322.0,
        "geometric_mean_rank": 15.81817626953125,
        "harmonic_mean_rank": 7.799970547668088,
        "hits_at_1": 0.0,
        "hits_at_10": 0.3540090771558245,
        "hits_at_3": 0.17095310136157338,
        "hits_at_5": 0.2428139183055976,
        "inverse_arithmetic_mean_rank": 0.03541387617588043,
        "inverse_geometric_mean_rank": 0.06321841478347778,
        "inverse_harmonic_mean_rank": 0.12820561230182648,
        "inverse_median_rank": 0.05000000074505806,
        "median_absolute_deviation": 23.721635496089633,
        "median_rank": 20.0,
        "standard_deviation": 26.93769645690918,
        "variance": 725.6395263671875,
        "z_arithmetic_mean_rank": 32.32917265532078,
        "z_geometric_mean_rank": 24.4135463884066,
        "z_hits_at_k": 32.7724228192387,
        "z_inverse_harmonic_mean_rank": 22.187433119854166
      }
    },
    "head": {
      "optimistic": {
        "adjusted_arithmetic_mean_rank": 0.48535553687469146,
        "adjusted_arithmetic_mean_rank_index": 0.5238858477879952,
        "adjusted_geometric_mean_rank_index": 0.6248443726174149,
        "adjusted_hits_at_k": 0.2675342288347512,
        "adjusted_inverse_harmonic_mean_rank": 0.07123587216327469,
        "arithmetic_mean_rank": 27.514372163388806,
        "count": 661.0,
        "geometric_mean_rank": 15.042401508181221,
        "harmonic_mean_rank": 7.215789014119831,
        "hits_at_1": 0.0,
        "hits_at_10": 0.35703479576399394,
        "hits_at_3": 0.19969742813918306,
        "hits_at_5": 0.2632375189107413,
        "inverse_arithmetic_mean_rank": 0.036344641777093525,
        "inverse_geometric_mean_rank": 0.06647874672512383,
        "inverse_harmonic_mean_rank": 0.1385849832974888,
        "inverse_median_rank": 0.05263157894736842,
        "median_absolute_deviation": 23.721635496089633,
        "median_rank": 19.0,
        "standard_deviation": 26.61012039639263,
        "variance": 708.0985075105111,
        "z_arithmetic_mean_rank": 22.4787881069423,
        "z_geometric_mean_rank": 17.113707266108257,
        "z_hits_at_k": 21.67523328981407,
        "z_inverse_harmonic_mean_rank": 14.308039524896044
      },
      "pessimistic": {
        "adjusted_arithmetic_mean_rank": 0.48535553687469146,
        "adjusted_arithmetic_mean_rank_index": 0.5238858477879952,
        "adjusted_geometric_mean_rank_index": 0.6248443726174149,
        "adjusted_hits_at_k": 0.2675342288347512,
        "adjusted_inverse_harmonic_mean_rank": 0.07123587216327469,
        "arithmetic_mean_rank": 27.514372163388806,
        "count": 661.0,
        "geometric_mean_rank": 15.042401508181221,
        "harmonic_mean_rank": 7.215789014119831,
        "hits_at_1": 0.0,
        "hits_at_10": 0.35703479576399394,
        "hits_at_3": 0.19969742813918306,
        "hits_at_5": 0.2632375189107413,
        "inverse_arithmetic_mean_rank": 0.036344641777093525,
        "inverse_geometric_mean_rank": 0.06647874672512383,
        "inverse_harmonic_mean_rank": 0.1385849832974888,
        "inverse_median_rank": 0.05263157894736842,
        "median_absolute_deviation": 23.721635496089633,
        "median_rank": 19.0,
        "standard_deviation": 26.61012039639263,
        "variance": 708.0985075105111,
        "z_arithmetic_mean_rank": 22.4787881069423,
        "z_geometric_mean_rank": 17.113707266108257,
        "z_hits_at_k": 21.67523328981407,
        "z_inverse_harmonic_mean_rank": 14.308039524896044
      },
      "realistic": {
        "adjusted_arithmetic_mean_rank": 0.4853555317336586,
        "adjusted_arithmetic_mean_rank_index": 0.5238858530213447,
        "adjusted_geometric_mean_rank_index": 0.6248443013761249,
        "adjusted_hits_at_k": 0.2675342288347512,
        "adjusted_inverse_harmonic_mean_rank": 0.07123587543188721,
        "arithmetic_mean_rank": 27.514371871948242,